"GO_term","count","disorders"
"actin filament organization",3,"MDD;OCD;SZ"
"action potential",2,"ASD;OCD"
"activation of innate immune response",4,"ASD;BD;OCD;SZ"
"acute inflammatory response",2,"BD;SZ"
"adaptive immune response based on somatic recombination of immune receptors built from immunoglobulin superfamily domains",3,"BD;OCD;SZ"
"adenylate cyclase-inhibiting G protein-coupled receptor signaling pathway",2,"BD;SZ"
"alpha-beta T cell activation",3,"BD;OCD;SZ"
"alpha-beta T cell activation involved in immune response",3,"BD;OCD;SZ"
"alpha-beta T cell differentiation",3,"BD;OCD;SZ"
"alpha-beta T cell differentiation involved in immune response",3,"BD;OCD;SZ"
"amide transport",2,"ASD;SZ"
"anatomical structure homeostasis",2,"MDD;SZ"
"antigen processing and presentation",3,"BD;OCD;SZ"
"antigen processing and presentation of exogenous antigen",2,"BD;SZ"
"antigen processing and presentation of exogenous peptide antigen",2,"BD;SZ"
"antigen processing and presentation of exogenous peptide antigen via MHC class II",2,"BD;SZ"
"antigen processing and presentation of peptide antigen",2,"BD;SZ"
"antigen processing and presentation of peptide antigen via MHC class II",2,"BD;SZ"
"antigen processing and presentation of peptide or polysaccharide antigen via MHC class II",2,"BD;SZ"
"aorta development",2,"OCD;SZ"
"artery development",2,"OCD;SZ"
"axon ensheathment",3,"ASD;MDD;OCD"
"axon guidance",4,"ASD;MDD;OCD;SZ"
"axonogenesis",4,"ASD;MDD;OCD;SZ"
"B cell activation",3,"BD;OCD;SZ"
"B cell differentiation",3,"BD;OCD;SZ"
"blood coagulation",3,"BD;OCD;SZ"
"branching involved in blood vessel morphogenesis",2,"OCD;SZ"
"calcium ion homeostasis",2,"ASD;OCD"
"calcium ion transmembrane import into cytosol",2,"OCD;SZ"
"calcium ion transmembrane transport",3,"ASD;OCD;SZ"
"calcium ion transport",3,"ASD;OCD;SZ"
"calcium-ion regulated exocytosis",2,"ASD;OCD"
"calcium-mediated signaling",2,"OCD;SZ"
"canonical NF-kappaB signal transduction",2,"BD;SZ"
"carboxylic acid transport",2,"BD;SZ"
"cardiac muscle cell action potential",2,"ASD;OCD"
"cardiac muscle cell action potential involved in contraction",2,"ASD;OCD"
"cardiac muscle cell contraction",2,"ASD;OCD"
"cardiac muscle contraction",2,"ASD;OCD"
"CD4-positive, alpha-beta T cell activation",3,"BD;OCD;SZ"
"CD4-positive, alpha-beta T cell differentiation",3,"BD;OCD;SZ"
"CD4-positive, alpha-beta T cell differentiation involved in immune response",3,"BD;OCD;SZ"
"cell activation involved in immune response",3,"BD;OCD;SZ"
"cell adhesion mediated by integrin",3,"BD;OCD;SZ"
"cell chemotaxis",3,"BD;OCD;SZ"
"cell growth",2,"ASD;SZ"
"cell killing",3,"BD;OCD;SZ"
"cell-matrix adhesion",3,"BD;OCD;SZ"
"cell-substrate adhesion",3,"BD;OCD;SZ"
"cell-substrate junction organization",2,"ASD;OCD"
"cellular component maintenance",2,"ASD;SZ"
"cellular detoxification",2,"BD;SZ"
"cellular extravasation",2,"BD;SZ"
"cellular response to abiotic stimulus",4,"ASD;BD;OCD;SZ"
"cellular response to biotic stimulus",2,"BD;SZ"
"cellular response to cadmium ion",2,"BD;SZ"
"cellular response to chemical stress",2,"ASD;MDD"
"cellular response to copper ion",2,"BD;SZ"
"cellular response to environmental stimulus",4,"ASD;BD;OCD;SZ"
"cellular response to external stimulus",2,"BD;SZ"
"cellular response to interleukin-1",2,"BD;SZ"
"cellular response to leukemia inhibitory factor",2,"MDD;SZ"
"cellular response to lipopolysaccharide",2,"BD;SZ"
"cellular response to mechanical stimulus",2,"BD;SZ"
"cellular response to metal ion",3,"BD;OCD;SZ"
"cellular response to molecule of bacterial origin",2,"BD;SZ"
"cellular response to oxidative stress",2,"ASD;MDD"
"cellular response to peptide hormone stimulus",2,"OCD;SZ"
"cellular response to toxic substance",2,"BD;SZ"
"cellular response to transforming growth factor beta stimulus",2,"BD;SZ"
"cellular response to tumor necrosis factor",2,"BD;SZ"
"cellular response to type II interferon",2,"BD;SZ"
"cellular response to vascular endothelial growth factor stimulus",2,"OCD;SZ"
"cellular response to zinc ion",2,"BD;SZ"
"chemokine production",2,"BD;SZ"
"chemotaxis",3,"BD;OCD;SZ"
"coagulation",3,"BD;OCD;SZ"
"cognition",3,"ASD;OCD;SZ"
"collagen fibril organization",3,"ASD;BD;SZ"
"collagen-activated tyrosine kinase receptor signaling pathway",2,"OCD;SZ"
"connective tissue development",2,"BD;SZ"
"cytokine production involved in immune response",3,"BD;OCD;SZ"
"cytolysis",2,"BD;SZ"
"cytoplasmic pattern recognition receptor signaling pathway",3,"ASD;BD;SZ"
"cytoplasmic translation",2,"MDD;OCD"
"defense response to bacterium",2,"BD;SZ"
"defense response to virus",3,"ASD;BD;SZ"
"dendrite development",2,"ASD;OCD"
"dendrite morphogenesis",2,"ASD;OCD"
"dendritic cell antigen processing and presentation",2,"BD;SZ"
"dendritic spine development",2,"ASD;OCD"
"dendritic spine organization",3,"ASD;MDD;OCD"
"detection of biotic stimulus",3,"BD;OCD;SZ"
"detection of external biotic stimulus",3,"BD;OCD;SZ"
"detoxification",2,"BD;SZ"
"detoxification of copper ion",2,"BD;SZ"
"detoxification of inorganic compound",2,"BD;SZ"
"developmental cell growth",2,"ASD;OCD"
"disruption of cell in another organism",2,"BD;SZ"
"ear development",2,"OCD;SZ"
"endothelial cell apoptotic process",2,"BD;SZ"
"endothelial cell development",2,"OCD;SZ"
"endothelial cell differentiation",2,"OCD;SZ"
"endothelium development",2,"OCD;SZ"
"ensheathment of neurons",3,"ASD;MDD;OCD"
"epithelial cell proliferation",2,"BD;SZ"
"epithelial tube morphogenesis",2,"OCD;SZ"
"ERK1 and ERK2 cascade",3,"BD;OCD;SZ"
"erythrocyte differentiation",2,"BD;SZ"
"erythrocyte homeostasis",3,"BD;OCD;SZ"
"establishment of endothelial barrier",2,"OCD;SZ"
"establishment of protein localization to extracellular region",3,"BD;OCD;SZ"
"establishment of protein localization to organelle",2,"ASD;MDD"
"excitatory chemical synaptic transmission",2,"ASD;OCD"
"exocytosis",3,"ASD;OCD;SZ"
"export across plasma membrane",2,"ASD;OCD"
"external encapsulating structure organization",3,"BD;OCD;SZ"
"extracellular matrix organization",3,"BD;OCD;SZ"
"extracellular structure organization",3,"BD;OCD;SZ"
"extrinsic apoptotic signaling pathway",3,"BD;OCD;SZ"
"extrinsic apoptotic signaling pathway via death domain receptors",2,"OCD;SZ"
"face morphogenesis",2,"BD;SZ"
"fat cell differentiation",2,"OCD;SZ"
"Fc receptor signaling pathway",2,"BD;OCD"
"female pregnancy",2,"BD;SZ"
"forebrain development",4,"ASD;MDD;OCD;SZ"
"gamma-aminobutyric acid signaling pathway",2,"ASD;OCD"
"gland development",2,"BD;SZ"
"glial cell development",3,"ASD;OCD;SZ"
"glial cell differentiation",3,"ASD;OCD;SZ"
"glial cell migration",2,"ASD;SZ"
"gliogenesis",3,"ASD;OCD;SZ"
"glomerulus development",3,"BD;OCD;SZ"
"glomerulus vasculature development",3,"BD;OCD;SZ"
"glycerolipid biosynthetic process",3,"ASD;MDD;OCD"
"glycerolipid metabolic process",2,"ASD;OCD"
"glycerophospholipid biosynthetic process",2,"MDD;OCD"
"glycerophospholipid metabolic process",3,"ASD;MDD;OCD"
"granulocyte migration",2,"BD;SZ"
"head morphogenesis",2,"BD;SZ"
"heart contraction",2,"ASD;OCD"
"heart process",2,"ASD;OCD"
"hemostasis",3,"BD;OCD;SZ"
"homeostasis of number of cells",2,"OCD;SZ"
"homotypic cell-cell adhesion",2,"OCD;SZ"
"hormone secretion",2,"OCD;SZ"
"hormone transport",2,"OCD;SZ"
"hydrogen peroxide metabolic process",2,"OCD;SZ"
"immune response-activating cell surface receptor signaling pathway",3,"BD;OCD;SZ"
"immune response-regulating cell surface receptor signaling pathway",3,"BD;OCD;SZ"
"immunological synapse formation",2,"OCD;SZ"
"in utero embryonic development",2,"MDD;SZ"
"innate immune response-activating signaling pathway",4,"ASD;BD;OCD;SZ"
"inner ear development",2,"OCD;SZ"
"integrin-mediated signaling pathway",3,"BD;OCD;SZ"
"interferon-beta production",3,"ASD;BD;SZ"
"interleukin-1 beta production",2,"BD;SZ"
"interleukin-1 production",2,"BD;SZ"
"interleukin-10 production",2,"BD;SZ"
"interleukin-12 production",2,"BD;SZ"
"interleukin-6 production",2,"BD;SZ"
"interleukin-8 production",2,"BD;SZ"
"intracellular calcium ion homeostasis",2,"ASD;OCD"
"intracellular receptor signaling pathway",2,"ASD;BD"
"intracellular zinc ion homeostasis",2,"BD;SZ"
"intrinsic apoptotic signaling pathway",5,"ASD;BD;MDD;OCD;SZ"
"JNK cascade",3,"BD;MDD;SZ"
"kidney development",3,"BD;OCD;SZ"
"kidney vasculature development",3,"BD;OCD;SZ"
"killing of cells of another organism",2,"BD;SZ"
"learning",2,"ASD;OCD"
"learning or memory",3,"ASD;OCD;SZ"
"leukocyte activation involved in immune response",3,"BD;OCD;SZ"
"leukocyte apoptotic process",2,"OCD;SZ"
"leukocyte cell-cell adhesion",3,"BD;OCD;SZ"
"leukocyte chemotaxis",2,"BD;SZ"
"leukocyte degranulation",2,"OCD;SZ"
"leukocyte mediated cytotoxicity",2,"OCD;SZ"
"leukocyte mediated immunity",3,"BD;OCD;SZ"
"leukocyte migration",3,"BD;OCD;SZ"
"leukocyte proliferation",2,"BD;SZ"
"locomotory behavior",2,"OCD;SZ"
"long-term synaptic potentiation",2,"ASD;OCD"
"lymphocyte activation involved in immune response",3,"BD;OCD;SZ"
"lymphocyte differentiation",4,"ADHD;BD;OCD;SZ"
"lymphocyte mediated immunity",2,"BD;SZ"
"lymphocyte proliferation",2,"BD;SZ"
"macrophage activation",3,"BD;OCD;SZ"
"mammary gland development",2,"BD;SZ"
"mammary gland epithelium development",2,"BD;SZ"
"mature B cell differentiation",2,"BD;OCD"
"memory",3,"ASD;OCD;SZ"
"MHC class II protein complex assembly",3,"BD;OCD;SZ"
"MHC protein complex assembly",2,"BD;SZ"
"miRNA transcription",2,"BD;SZ"
"monoatomic anion transmembrane transport",2,"BD;OCD"
"mononuclear cell migration",3,"BD;OCD;SZ"
"mononuclear cell proliferation",2,"BD;SZ"
"multi-multicellular organism process",2,"BD;SZ"
"multi-organism reproductive process",2,"BD;SZ"
"muscle cell proliferation",3,"BD;OCD;SZ"
"muscle contraction",2,"OCD;SZ"
"muscle organ development",2,"BD;SZ"
"muscle system process",2,"OCD;SZ"
"muscle tissue development",2,"OCD;SZ"
"myelination",3,"ASD;MDD;OCD"
"myeloid cell activation involved in immune response",2,"OCD;SZ"
"myeloid cell differentiation",4,"ADHD;BD;OCD;SZ"
"myeloid cell homeostasis",2,"OCD;SZ"
"myeloid leukocyte activation",3,"BD;OCD;SZ"
"myeloid leukocyte cytokine production",3,"BD;OCD;SZ"
"myeloid leukocyte differentiation",3,"BD;OCD;SZ"
"myeloid leukocyte mediated immunity",2,"BD;OCD"
"myeloid leukocyte migration",3,"BD;OCD;SZ"
"negative regulation of adaptive immune response",2,"BD;SZ"
"negative regulation of adaptive immune response based on somatic recombination of immune receptors built from immunoglobulin superfamily domains",2,"BD;SZ"
"negative regulation of apoptotic signaling pathway",2,"ASD;SZ"
"negative regulation of catalytic activity",2,"BD;OCD"
"negative regulation of CD4-positive, alpha-beta T cell differentiation",2,"BD;SZ"
"negative regulation of cell activation",2,"BD;SZ"
"negative regulation of cell adhesion",2,"BD;SZ"
"negative regulation of cell development",3,"BD;OCD;SZ"
"negative regulation of cell projection organization",2,"ASD;OCD"
"negative regulation of cell-cell adhesion",2,"BD;SZ"
"negative regulation of complement activation",2,"BD;OCD"
"negative regulation of cytokine production",2,"BD;SZ"
"negative regulation of endothelial cell apoptotic process",2,"BD;SZ"
"negative regulation of ERK1 and ERK2 cascade",2,"BD;OCD"
"negative regulation of extrinsic apoptotic signaling pathway",2,"OCD;SZ"
"negative regulation of extrinsic apoptotic signaling pathway via death domain receptors",2,"BD;SZ"
"negative regulation of growth",2,"BD;SZ"
"negative regulation of hemopoiesis",3,"BD;OCD;SZ"
"negative regulation of humoral immune response",2,"BD;OCD"
"negative regulation of immune effector process",2,"BD;SZ"
"negative regulation of immune response",3,"BD;OCD;SZ"
"negative regulation of leukocyte activation",2,"BD;SZ"
"negative regulation of leukocyte cell-cell adhesion",2,"BD;SZ"
"negative regulation of leukocyte differentiation",3,"BD;OCD;SZ"
"negative regulation of leukocyte proliferation",2,"BD;SZ"
"negative regulation of lymphocyte activation",2,"BD;SZ"
"negative regulation of lymphocyte differentiation",3,"BD;OCD;SZ"
"negative regulation of MAPK cascade",2,"BD;OCD"
"negative regulation of molecular function",3,"BD;OCD;SZ"
"negative regulation of neuron projection development",2,"ASD;OCD"
"negative regulation of phosphate metabolic process",2,"MDD;SZ"
"negative regulation of phosphorus metabolic process",2,"MDD;SZ"
"negative regulation of phosphorylation",2,"OCD;SZ"
"negative regulation of secretion",2,"OCD;SZ"
"negative regulation of secretion by cell",2,"OCD;SZ"
"negative regulation of T cell activation",2,"BD;SZ"
"negative regulation of T cell differentiation",2,"BD;SZ"
"negative regulation of transport",3,"ASD;OCD;SZ"
"negative regulation of viral genome replication",2,"ASD;SZ"
"negative regulation of viral process",2,"ASD;SZ"
"nephron development",2,"OCD;SZ"
"nerve development",2,"OCD;SZ"
"neuron apoptotic process",3,"ASD;OCD;SZ"
"neuron projection extension",2,"ASD;SZ"
"neuron projection guidance",4,"ASD;MDD;OCD;SZ"
"neuron projection organization",3,"ASD;MDD;OCD"
"neurotransmitter secretion",3,"ASD;MDD;OCD"
"neurotransmitter transport",3,"ASD;MDD;OCD"
"neutrophil extravasation",2,"OCD;SZ"
"neutrophil migration",2,"BD;SZ"
"non-canonical NF-kappaB signal transduction",2,"BD;SZ"
"organelle fusion",2,"ASD;MDD"
"organic acid transport",2,"BD;SZ"
"organic cation transport",3,"BD;OCD;SZ"
"ossification",2,"BD;SZ"
"osteoclast differentiation",2,"OCD;SZ"
"p38MAPK cascade",2,"OCD;SZ"
"pallium development",2,"ASD;OCD"
"pattern recognition receptor signaling pathway",4,"ASD;BD;OCD;SZ"
"peptide antigen assembly with MHC class II protein complex",3,"BD;OCD;SZ"
"peptide antigen assembly with MHC protein complex",2,"BD;SZ"
"peptide transport",2,"ASD;OCD"
"peptidyl-amino acid modification",2,"OCD;SZ"
"peptidyl-tyrosine modification",2,"OCD;SZ"
"peptidyl-tyrosine phosphorylation",2,"OCD;SZ"
"phagocytosis",3,"BD;OCD;SZ"
"phagocytosis, engulfment",2,"BD;SZ"
"phosphatidylinositol 3-kinase/protein kinase B signal transduction",3,"BD;OCD;SZ"
"phospholipase C-activating G protein-coupled receptor signaling pathway",3,"BD;OCD;SZ"
"phospholipid biosynthetic process",2,"MDD;OCD"
"phospholipid metabolic process",3,"ASD;MDD;OCD"
"platelet activation",2,"OCD;SZ"
"platelet aggregation",2,"OCD;SZ"
"positive regulation of adaptive immune response",2,"BD;SZ"
"positive regulation of adaptive immune response based on somatic recombination of immune receptors built from immunoglobulin superfamily domains",2,"BD;SZ"
"positive regulation of alpha-beta T cell activation",3,"BD;OCD;SZ"
"positive regulation of alpha-beta T cell differentiation",2,"BD;SZ"
"positive regulation of angiogenesis",3,"BD;OCD;SZ"
"positive regulation of antigen processing and presentation",2,"BD;SZ"
"positive regulation of apoptotic signaling pathway",2,"BD;SZ"
"positive regulation of canonical NF-kappaB signal transduction",3,"ASD;BD;SZ"
"positive regulation of catalytic activity",3,"BD;OCD;SZ"
"positive regulation of CD4-positive, alpha-beta T cell activation",2,"BD;SZ"
"positive regulation of CD4-positive, alpha-beta T cell differentiation",2,"BD;SZ"
"positive regulation of cell activation",3,"BD;OCD;SZ"
"positive regulation of cell development",2,"OCD;SZ"
"positive regulation of cell projection organization",2,"ASD;OCD"
"positive regulation of cell-cell adhesion",3,"BD;OCD;SZ"
"positive regulation of cell-substrate adhesion",2,"OCD;SZ"
"positive regulation of chemokine production",2,"BD;SZ"
"positive regulation of chemotaxis",2,"BD;SZ"
"positive regulation of cytokine production involved in immune response",3,"BD;OCD;SZ"
"positive regulation of cytokine-mediated signaling pathway",2,"BD;OCD"
"positive regulation of DNA-binding transcription factor activity",2,"BD;OCD"
"positive regulation of endothelial cell proliferation",2,"OCD;SZ"
"positive regulation of epithelial cell proliferation",3,"BD;OCD;SZ"
"positive regulation of ERK1 and ERK2 cascade",2,"OCD;SZ"
"positive regulation of gliogenesis",2,"OCD;SZ"
"positive regulation of hemopoiesis",3,"BD;OCD;SZ"
"positive regulation of immune effector process",3,"BD;OCD;SZ"
"positive regulation of inflammatory response",3,"BD;OCD;SZ"
"positive regulation of innate immune response",4,"ASD;BD;OCD;SZ"
"positive regulation of interferon-beta production",3,"ASD;BD;SZ"
"positive regulation of interleukin-1 beta production",2,"BD;OCD"
"positive regulation of interleukin-1 production",2,"BD;OCD"
"positive regulation of interleukin-10 production",2,"BD;SZ"
"positive regulation of interleukin-8 production",2,"BD;SZ"
"positive regulation of kinase activity",3,"BD;OCD;SZ"
"positive regulation of leukocyte activation",3,"BD;OCD;SZ"
"positive regulation of leukocyte cell-cell adhesion",3,"BD;OCD;SZ"
"positive regulation of leukocyte chemotaxis",2,"BD;SZ"
"positive regulation of leukocyte differentiation",3,"BD;OCD;SZ"
"positive regulation of leukocyte migration",3,"BD;OCD;SZ"
"positive regulation of leukocyte proliferation",2,"BD;SZ"
"positive regulation of lymphocyte activation",3,"BD;OCD;SZ"
"positive regulation of lymphocyte differentiation",2,"BD;SZ"
"positive regulation of lymphocyte proliferation",2,"BD;SZ"
"positive regulation of macrophage cytokine production",3,"BD;OCD;SZ"
"positive regulation of MAPK cascade",4,"ASD;BD;OCD;SZ"
"positive regulation of miRNA metabolic process",2,"BD;SZ"
"positive regulation of miRNA transcription",2,"BD;SZ"
"positive regulation of monoatomic ion transport",2,"BD;SZ"
"positive regulation of mononuclear cell migration",3,"BD;OCD;SZ"
"positive regulation of mononuclear cell proliferation",2,"BD;SZ"
"positive regulation of myeloid cell differentiation",2,"BD;SZ"
"positive regulation of myeloid leukocyte cytokine production involved in immune response",3,"BD;OCD;SZ"
"positive regulation of nervous system development",2,"OCD;SZ"
"positive regulation of neurogenesis",2,"OCD;SZ"
"positive regulation of neuron projection development",2,"ASD;OCD"
"positive regulation of NF-kappaB transcription factor activity",2,"BD;OCD"
"positive regulation of non-canonical NF-kappaB signal transduction",2,"OCD;SZ"
"positive regulation of nucleocytoplasmic transport",2,"ADHD;MDD"
"positive regulation of phosphate metabolic process",4,"ASD;MDD;OCD;SZ"
"positive regulation of phosphatidylinositol 3-kinase/protein kinase B signal transduction",2,"OCD;SZ"
"positive regulation of phosphorus metabolic process",4,"ASD;MDD;OCD;SZ"
"positive regulation of phosphorylation",3,"MDD;OCD;SZ"
"positive regulation of production of molecular mediator of immune response",2,"OCD;SZ"
"positive regulation of protein kinase activity",2,"OCD;SZ"
"positive regulation of protein localization",4,"ASD;MDD;OCD;SZ"
"positive regulation of protein modification process",3,"ASD;MDD;OCD"
"positive regulation of protein phosphorylation",3,"MDD;OCD;SZ"
"positive regulation of receptor recycling",2,"ASD;OCD"
"positive regulation of response to biotic stimulus",4,"ASD;BD;OCD;SZ"
"positive regulation of response to cytokine stimulus",2,"BD;OCD"
"positive regulation of secretion",3,"BD;OCD;SZ"
"positive regulation of secretion by cell",2,"BD;SZ"
"positive regulation of signal transduction by p53 class mediator",2,"BD;MDD"
"positive regulation of small GTPase mediated signal transduction",2,"OCD;SZ"
"positive regulation of synaptic transmission",2,"ASD;OCD"
"positive regulation of T cell activation",3,"BD;OCD;SZ"
"positive regulation of T cell differentiation",2,"BD;SZ"
"positive regulation of transferase activity",4,"BD;MDD;OCD;SZ"
"positive regulation of transmembrane transport",2,"BD;OCD"
"positive regulation of tumor necrosis factor production",3,"BD;OCD;SZ"
"positive regulation of tumor necrosis factor superfamily cytokine production",3,"BD;OCD;SZ"
"positive regulation of type I interferon production",3,"ASD;BD;SZ"
"positive regulation of type II interferon production",2,"BD;SZ"
"positive regulation of vasculature development",3,"BD;OCD;SZ"
"postsynapse assembly",2,"ASD;OCD"
"postsynapse organization",3,"ASD;MDD;OCD"
"potassium ion transmembrane transport",2,"ASD;OCD"
"potassium ion transport",2,"ASD;OCD"
"production of molecular mediator involved in inflammatory response",2,"BD;SZ"
"production of molecular mediator of immune response",2,"BD;SZ"
"protein autophosphorylation",2,"OCD;SZ"
"protein localization to cell junction",4,"ASD;MDD;OCD;SZ"
"protein localization to cell periphery",4,"ASD;MDD;OCD;SZ"
"protein localization to extracellular region",3,"BD;OCD;SZ"
"protein localization to membrane",4,"ASD;MDD;OCD;SZ"
"protein localization to plasma membrane",3,"ASD;OCD;SZ"
"protein localization to postsynapse",2,"ASD;OCD"
"protein localization to postsynaptic membrane",2,"ASD;OCD"
"protein localization to synapse",2,"ASD;OCD"
"protein secretion",3,"BD;OCD;SZ"
"protein targeting",2,"ASD;MDD"
"protein-containing complex localization",2,"ASD;MDD"
"pyroptotic inflammatory response",2,"ASD;SZ"
"reactive oxygen species metabolic process",2,"BD;SZ"
"receptor localization to synapse",3,"ASD;MDD;OCD"
"receptor-mediated endocytosis",3,"ASD;BD;OCD"
"regulated exocytosis",4,"ASD;MDD;OCD;SZ"
"regulation of actin cytoskeleton organization",3,"ASD;MDD;SZ"
"regulation of actin filament organization",3,"MDD;OCD;SZ"
"regulation of actin filament-based process",3,"ASD;MDD;OCD"
"regulation of adaptive immune response",3,"BD;OCD;SZ"
"regulation of adaptive immune response based on somatic recombination of immune receptors built from immunoglobulin superfamily domains",2,"BD;SZ"
"regulation of alpha-beta T cell activation",3,"BD;OCD;SZ"
"regulation of alpha-beta T cell differentiation",3,"BD;OCD;SZ"
"regulation of angiogenesis",3,"BD;OCD;SZ"
"regulation of antigen processing and presentation",3,"BD;OCD;SZ"
"regulation of apoptotic signaling pathway",3,"ASD;BD;SZ"
"regulation of axonogenesis",3,"MDD;OCD;SZ"
"regulation of B cell activation",2,"BD;SZ"
"regulation of B cell differentiation",2,"OCD;SZ"
"regulation of body fluid levels",3,"BD;OCD;SZ"
"regulation of calcium ion-dependent exocytosis",2,"ASD;OCD"
"regulation of canonical NF-kappaB signal transduction",2,"BD;SZ"
"regulation of carbohydrate metabolic process",2,"ADHD;SZ"
"regulation of CD4-positive, alpha-beta T cell activation",3,"BD;OCD;SZ"
"regulation of CD4-positive, alpha-beta T cell differentiation",3,"BD;OCD;SZ"
"regulation of CD8-positive, alpha-beta T cell activation",2,"BD;SZ"
"regulation of cell adhesion mediated by integrin",3,"BD;OCD;SZ"
"regulation of cell junction assembly",3,"ASD;OCD;SZ"
"regulation of cell morphogenesis",2,"ASD;OCD"
"regulation of cell size",2,"ASD;OCD"
"regulation of cell-substrate adhesion",3,"BD;OCD;SZ"
"regulation of cellular component size",2,"ASD;OCD"
"regulation of chemokine production",2,"BD;SZ"
"regulation of chemotaxis",3,"BD;OCD;SZ"
"regulation of complement activation",2,"BD;OCD"
"regulation of cytokine production involved in immune response",3,"BD;OCD;SZ"
"regulation of dendritic cell antigen processing and presentation",2,"BD;SZ"
"regulation of DNA metabolic process",2,"ADHD;MDD"
"regulation of DNA repair",2,"ADHD;MDD"
"regulation of DNA-binding transcription factor activity",3,"BD;OCD;SZ"
"regulation of DNA-templated transcription elongation",2,"ADHD;MDD"
"regulation of endocytosis",4,"ASD;BD;OCD;SZ"
"regulation of endothelial cell apoptotic process",2,"BD;SZ"
"regulation of epithelial cell proliferation",2,"BD;SZ"
"regulation of ERK1 and ERK2 cascade",3,"BD;OCD;SZ"
"regulation of exocytosis",3,"ASD;OCD;SZ"
"regulation of extracellular matrix organization",2,"ASD;OCD"
"regulation of extrinsic apoptotic signaling pathway",3,"BD;OCD;SZ"
"regulation of hemopoiesis",3,"BD;OCD;SZ"
"regulation of immune effector process",3,"BD;OCD;SZ"
"regulation of inflammatory response",3,"BD;OCD;SZ"
"regulation of interferon-beta production",3,"ASD;BD;SZ"
"regulation of interleukin-1 beta production",2,"BD;SZ"
"regulation of interleukin-1 production",2,"BD;SZ"
"regulation of interleukin-10 production",2,"BD;SZ"
"regulation of interleukin-12 production",2,"BD;SZ"
"regulation of interleukin-6 production",2,"BD;SZ"
"regulation of interleukin-8 production",2,"BD;SZ"
"regulation of kinase activity",4,"BD;MDD;OCD;SZ"
"regulation of leukocyte apoptotic process",2,"OCD;SZ"
"regulation of leukocyte cell-cell adhesion",3,"BD;OCD;SZ"
"regulation of leukocyte chemotaxis",2,"BD;SZ"
"regulation of leukocyte differentiation",3,"BD;OCD;SZ"
"regulation of leukocyte mediated immunity",2,"BD;SZ"
"regulation of leukocyte migration",3,"BD;OCD;SZ"
"regulation of leukocyte proliferation",2,"BD;SZ"
"regulation of long-term synaptic potentiation",2,"ASD;OCD"
"regulation of lymphocyte differentiation",3,"BD;OCD;SZ"
"regulation of lymphocyte proliferation",2,"BD;SZ"
"regulation of macrophage activation",2,"BD;SZ"
"regulation of membrane potential",3,"ASD;MDD;OCD"
"regulation of memory T cell differentiation",2,"BD;SZ"
"regulation of metal ion transport",4,"ASD;BD;OCD;SZ"
"regulation of miRNA transcription",2,"BD;SZ"
"regulation of monoatomic cation transmembrane transport",3,"ASD;OCD;SZ"
"regulation of monoatomic ion transmembrane transport",2,"ASD;OCD"
"regulation of monoatomic ion transport",4,"ASD;BD;OCD;SZ"
"regulation of mononuclear cell migration",3,"BD;OCD;SZ"
"regulation of mononuclear cell proliferation",2,"BD;SZ"
"regulation of myeloid leukocyte differentiation",2,"BD;SZ"
"regulation of nervous system development",4,"ASD;MDD;OCD;SZ"
"regulation of nervous system process",3,"ASD;MDD;OCD"
"regulation of neurogenesis",3,"ASD;OCD;SZ"
"regulation of neuron apoptotic process",2,"ASD;SZ"
"regulation of neuron projection development",4,"ASD;MDD;OCD;SZ"
"regulation of non-canonical NF-kappaB signal transduction",2,"OCD;SZ"
"regulation of phosphatidylinositol 3-kinase/protein kinase B signal transduction",2,"OCD;SZ"
"regulation of phosphorylation",4,"BD;MDD;OCD;SZ"
"regulation of platelet aggregation",2,"OCD;SZ"
"regulation of post-translational protein modification",2,"ASD;MDD"
"regulation of postsynapse organization",2,"ASD;OCD"
"regulation of postsynaptic membrane neurotransmitter receptor levels",2,"ASD;OCD"
"regulation of postsynaptic membrane potential",2,"ASD;OCD"
"regulation of production of molecular mediator of immune response",2,"BD;SZ"
"regulation of protein kinase activity",3,"BD;OCD;SZ"
"regulation of protein localization to cell periphery",2,"OCD;SZ"
"regulation of protein localization to membrane",2,"ASD;OCD"
"regulation of protein localization to nucleus",2,"ASD;MDD"
"regulation of protein modification by small protein conjugation or removal",2,"ASD;MDD"
"regulation of protein phosphorylation",4,"BD;MDD;OCD;SZ"
"regulation of protein serine/threonine kinase activity",4,"BD;MDD;OCD;SZ"
"regulation of protein-containing complex assembly",2,"ASD;SZ"
"regulation of reactive oxygen species metabolic process",2,"BD;SZ"
"regulation of receptor-mediated endocytosis",2,"ASD;OCD"
"regulation of regulated secretory pathway",2,"OCD;SZ"
"regulation of regulatory T cell differentiation",2,"BD;SZ"
"regulation of response to cytokine stimulus",2,"BD;SZ"
"regulation of small GTPase mediated signal transduction",4,"ADHD;ASD;OCD;SZ"
"regulation of stem cell differentiation",2,"ASD;SZ"
"regulation of substrate adhesion-dependent cell spreading",2,"OCD;SZ"
"regulation of supramolecular fiber organization",4,"ASD;MDD;OCD;SZ"
"regulation of synapse assembly",2,"ASD;SZ"
"regulation of synapse organization",4,"ASD;MDD;OCD;SZ"
"regulation of synapse pruning",2,"ASD;SZ"
"regulation of synapse structure or activity",4,"ASD;MDD;OCD;SZ"
"regulation of synaptic plasticity",2,"ASD;OCD"
"regulation of synaptic vesicle exocytosis",2,"ASD;OCD"
"regulation of T cell activation",3,"BD;OCD;SZ"
"regulation of T cell differentiation",3,"BD;OCD;SZ"
"regulation of T cell proliferation",2,"BD;SZ"
"regulation of T-helper cell differentiation",3,"BD;OCD;SZ"
"regulation of transcription elongation by RNA polymerase II",2,"ADHD;MDD"
"regulation of transferase activity",4,"BD;MDD;OCD;SZ"
"regulation of transmembrane transport",3,"ASD;BD;OCD"
"regulation of transporter activity",2,"ASD;BD"
"regulation of tumor necrosis factor production",3,"BD;OCD;SZ"
"regulation of tumor necrosis factor superfamily cytokine production",3,"BD;OCD;SZ"
"regulation of type I interferon production",3,"ASD;BD;SZ"
"regulation of type II interferon production",2,"BD;SZ"
"regulation of vasculature development",3,"BD;OCD;SZ"
"regulation of viral genome replication",2,"BD;SZ"
"regulation of viral life cycle",3,"ASD;BD;SZ"
"regulation of viral process",2,"ASD;SZ"
"renal system development",3,"BD;OCD;SZ"
"renal system vasculature development",3,"BD;OCD;SZ"
"response to alcohol",2,"OCD;SZ"
"response to cadmium ion",2,"BD;SZ"
"response to calcium ion",3,"ASD;BD;OCD"
"response to copper ion",2,"BD;SZ"
"response to decreased oxygen levels",3,"ASD;BD;SZ"
"response to hydrogen peroxide",2,"MDD;SZ"
"response to hypoxia",3,"BD;OCD;SZ"
"response to isoquinoline alkaloid",2,"OCD;SZ"
"response to ketone",2,"OCD;SZ"
"response to leukemia inhibitory factor",2,"MDD;SZ"
"response to lipopolysaccharide",3,"BD;OCD;SZ"
"response to mechanical stimulus",4,"ASD;BD;OCD;SZ"
"response to metal ion",4,"ASD;BD;OCD;SZ"
"response to molecule of bacterial origin",3,"BD;OCD;SZ"
"response to morphine",2,"OCD;SZ"
"response to nicotine",2,"OCD;SZ"
"response to nutrient",2,"OCD;SZ"
"response to oxidative stress",2,"MDD;SZ"
"response to oxygen levels",4,"ASD;BD;OCD;SZ"
"response to peptide hormone",3,"BD;OCD;SZ"
"response to reactive oxygen species",2,"MDD;SZ"
"response to temperature stimulus",3,"ASD;BD;SZ"
"response to toxic substance",2,"BD;SZ"
"response to transforming growth factor beta",2,"BD;SZ"
"response to tumor necrosis factor",2,"BD;SZ"
"response to type II interferon",2,"BD;SZ"
"response to virus",3,"ASD;BD;SZ"
"response to xenobiotic stimulus",2,"OCD;SZ"
"response to zinc ion",2,"BD;SZ"
"RNA splicing",2,"ADHD;MDD"
"signal release from synapse",3,"ASD;MDD;OCD"
"signal transduction involved in regulation of gene expression",2,"BD;SZ"
"stress response to copper ion",2,"BD;SZ"
"stress response to metal ion",2,"BD;SZ"
"striated muscle tissue development",2,"OCD;SZ"
"substrate adhesion-dependent cell spreading",2,"OCD;SZ"
"symbiont entry into host",3,"BD;OCD;SZ"
"symbiont entry into host cell",3,"BD;OCD;SZ"
"synapse assembly",3,"ASD;OCD;SZ"
"synapse pruning",2,"OCD;SZ"
"synaptic transmission, GABAergic",2,"ASD;OCD"
"synaptic vesicle cycle",3,"ASD;MDD;OCD"
"synaptic vesicle exocytosis",3,"ASD;MDD;OCD"
"T cell activation involved in immune response",3,"BD;OCD;SZ"
"T cell activation via T cell receptor contact with antigen bound to MHC molecule on antigen presenting cell",2,"BD;SZ"
"T cell differentiation",4,"ADHD;BD;OCD;SZ"
"T cell differentiation involved in immune response",3,"BD;OCD;SZ"
"T cell mediated immunity",3,"BD;OCD;SZ"
"T cell proliferation",2,"BD;SZ"
"T cell selection",2,"OCD;SZ"
"T-helper 1 type immune response",2,"BD;SZ"
"T-helper cell differentiation",3,"BD;OCD;SZ"
"taxis",3,"BD;OCD;SZ"
"telencephalon development",3,"ASD;MDD;OCD"
"temperature homeostasis",2,"BD;SZ"
"tissue homeostasis",2,"MDD;SZ"
"toll-like receptor signaling pathway",2,"BD;SZ"
"tumor necrosis factor production",3,"BD;OCD;SZ"
"tumor necrosis factor superfamily cytokine production",3,"BD;OCD;SZ"
"type I interferon production",3,"ASD;BD;SZ"
"type II interferon production",2,"BD;SZ"
"vacuole organization",2,"ASD;MDD"
"vascular endothelial growth factor signaling pathway",2,"OCD;SZ"
"vascular process in circulatory system",3,"BD;OCD;SZ"
"vesicle-mediated transport in synapse",3,"ASD;MDD;OCD"
"viral life cycle",3,"ASD;BD;SZ"
"viral process",3,"ASD;BD;SZ"
"wound healing",4,"ASD;BD;OCD;SZ"
